episode,step,phase,action,coverage_pct,good_coverage_pct,avg_pdop,avg_cn0_dbhz,operational_sats,spares,pending_launches,step_reward,under_attack,attack_description
1,1,LOW,NO_OP,100.0,100.0,1.576,47.25,32,8,0,0.14,0,None
1,2,LOW,NO_OP,100.0,100.0,1.573,47.26,32,8,0,0.01,0,None
1,3,LOW,NO_OP,100.0,100.0,1.5678,47.26,32,8,0,0.01,0,None
1,4,LOW,NO_OP,100.0,100.0,1.7762,47.27,29,8,0,-10.42,1,"[LOW  ] Spoof -> ['GPS BIIRM-3 (PRN 12)', 'GPS BIIF-4  (PRN 27)', 'GPS BIII-9  (PRN 20)']"
1,5,LOW,NO_OP,100.0,100.0,1.7542,47.27,29,8,0,0.04,0,None
1,6,LOW,NO_OP,100.0,99.88,1.7762,47.26,28,8,0,-10.04,1,[LOW  ] Spoof -> ['GPS BIIF-10 (PRN 08)']
1,7,LOW,RETIRE_SATELLITE,100.0,100.0,1.8751,47.25,27,8,0,-5.2,1,[LOW  ] Spoof -> ['GPS BIIF-9  (PRN 26)']
1,8,LOW,NO_OP,100.0,99.76,1.9122,47.26,27,8,0,-0.07,0,None
1,9,LOW,ACTIVATE_SPARE,100.0,99.95,1.8205,47.26,28,7,0,-4.82,0,None
1,10,LOW,NO_OP,99.81,99.81,1.8197,47.25,27,7,0,-0.96,1,[LOW  ] Spoof -> ['GPS BIIRM-6 (PRN 07)']
1,11,LOW,NO_OP,100.0,99.73,1.8742,47.24,27,7,0,0.85,0,None
1,12,LOW,NO_OP,99.91,98.21,2.2946,47.23,24,7,0,-11.31,1,"[LOW  ] Spoof -> ['GPS BIIRM-8 (PRN 05)', 'GPS BIIR-11 (PRN 19)', 'GPS BIIR-8  (PRN 16)']"
1,13,LOW,ACTIVATE_SPARE,100.0,99.91,2.1136,47.25,24,6,0,5.83,1,[LOW  ] Spoof -> ['GPS BIIF-8  (PRN 03)']
1,14,LOW,NO_OP,100.0,99.7,2.0631,47.26,24,6,0,0.1,0,None
1,15,LOW,ACTIVATE_SPARE,100.0,98.92,2.1373,47.27,23,5,0,-5.15,1,"[LOW  ] Spoof -> ['GPS BIIRM-2 (PRN 31)', 'GPS BIII-7  (PRN 01)']"
1,16,LOW,NO_OP,100.0,99.42,2.1934,47.27,23,5,0,-0.11,0,None
1,17,LOW,NO_OP,98.44,90.84,3.5138,47.25,20,5,0,-20.43,1,"[LOW  ] Spoof -> ['GPS BIII-6  (PRN 28)', 'GPS BIIRM-4 (PRN 15)', 'GPS BIIF-4  (PRN 27)']"
1,18,LOW,NO_OP,98.37,93.08,2.9368,47.25,20,5,0,0.8,0,None
1,19,LOW,RETIRE_SATELLITE,97.9,92.47,2.6818,47.25,20,5,0,-6.83,0,None
1,20,LOW,RETIRE_SATELLITE,96.34,91.31,3.0215,47.25,20,5,0,-13.51,0,None
1,21,LOW,ACTIVATE_SPARE,90.97,78.35,3.6203,47.24,18,4,0,-33.04,1,"[LOW  ] Spoof -> ['GPS BIIRM-3 (PRN 12)', 'GPS BIII-1  (PRN 04)', 'GPS BIIR-5  (PRN 22)']"
1,22,LOW,NO_OP,92.01,85.94,3.1238,47.23,18,4,0,6.2,0,None
1,23,LOW,NO_OP,93.0,89.56,2.9334,47.22,18,4,0,5.34,0,None
1,24,LOW,ACTIVATE_SPARE,92.83,79.02,5.9402,47.23,17,3,0,-21.89,1,"[LOW  ] Spoof -> ['GPS BIIF-3  (PRN 24)', 'GPS BIIF-7  (PRN 09)']"
1,25,LOW,NO_OP,95.26,83.45,5.5431,47.25,17,3,0,12.94,0,None
1,26,LOW,NO_OP,96.55,84.11,4.4368,47.25,17,3,0,8.67,0,None
1,27,LOW,NO_OP,97.12,89.65,3.431,47.28,17,3,0,4.86,0,None
1,28,LOW,RETIRE_SATELLITE,92.3,78.74,11.4023,47.3,15,3,0,-45.04,1,"[LOW  ] Spoof -> ['GPS BIIR-11 (PRN 19)', 'GPS BIIF-11 (PRN 10)']"
1,29,LOW,LAUNCH_SATELLITE,91.74,78.05,4.1964,47.3,15,3,1,1.61,0,None
1,30,LOW,RETIRE_SATELLITE,83.38,63.48,6.739,47.26,14,3,1,-51.88,0,None
1,31,LOW,LAUNCH_SATELLITE,76.38,57.7,14.3947,47.25,13,3,2,-60.29,0,None
1,32,LOW,NO_OP,77.81,57.57,5.0076,47.27,13,3,2,25.92,0,None
1,33,LOW,LAUNCH_SATELLITE,42.73,27.94,25.1948,47.28,10,3,3,-225.77,1,"[LOW  ] Spoof -> ['GPS BIIR-13 (PRN 02)', 'GPS BIIF-1  (PRN 25)', 'GPS BIII-8  (PRN 21)']"
1,34,LOW,NO_OP,33.34,19.27,11.1751,47.27,8,3,3,-18.93,1,"[LOW  ] Spoof -> ['GPS BIIF-12 (PRN 32)', 'GPS BIIRM-5 (PRN 29)']"
2,1,LOW,NO_OP,100.0,100.0,1.576,47.25,32,8,0,0.14,0,None
2,2,LOW,NO_OP,100.0,100.0,1.6633,47.26,30,8,0,-10.17,1,"[LOW  ] Spoof -> ['GPS BIII-7  (PRN 01)', 'GPS BIII-6  (PRN 28)']"
2,3,LOW,RETIRE_SATELLITE,100.0,100.0,1.6579,47.26,30,8,0,-4.99,0,None
2,4,LOW,ACTIVATE_SPARE,100.0,100.0,1.8018,47.26,29,7,0,-5.29,1,"[LOW  ] Spoof -> ['GPS BIII-3  (PRN 23)', 'GPS BIIF-6  (PRN 06)']"
2,5,LOW,NO_OP,100.0,98.54,2.1494,47.25,27,7,0,-10.7,1,"[LOW  ] Spoof -> ['GPS BIIF-11 (PRN 10)', 'GPS BIIF-12 (PRN 32)']"
2,6,LOW,RETIRE_SATELLITE,99.9,98.21,2.1295,47.25,27,7,0,-5.44,0,None
2,7,LOW,RETIRE_SATELLITE,99.97,97.91,1.9749,47.26,27,7,0,-4.38,0,None
2,8,LOW,NO_OP,100.0,98.81,2.4188,47.26,27,7,0,-0.71,0,None
2,9,LOW,NO_OP,100.0,99.35,2.3533,47.25,26,7,0,0.13,1,[LOW  ] Spoof -> ['GPS BIIF-4  (PRN 27)']
2,10,LOW,RETIRE_SATELLITE,100.0,98.77,2.1976,47.25,25,7,0,-4.69,1,[LOW  ] Spoof -> ['GPS BIII-9  (PRN 20)']
2,11,LOW,RETIRE_SATELLITE,100.0,98.57,2.2435,47.23,25,7,0,-5.09,0,None
2,12,LOW,NO_OP,100.0,99.89,1.9838,47.24,25,7,0,0.52,0,None
2,13,LOW,ACTIVATE_SPARE,100.0,100.0,1.8842,47.26,26,6,0,-4.8,0,None
2,14,LOW,ACTIVATE_SPARE,100.0,100.0,1.9137,47.26,27,5,0,4.94,0,None
2,15,LOW,ACTIVATE_SPARE,100.0,100.0,1.7653,47.25,28,4,0,-4.7,0,None
2,16,LOW,ACTIVATE_SPARE,100.0,100.0,1.7616,47.25,29,3,0,-4.99,0,None
2,17,LOW,ACTIVATE_SPARE,100.0,100.0,1.6993,47.25,30,2,0,-4.88,0,None
2,18,LOW,ACTIVATE_SPARE,100.0,100.0,1.8145,47.24,29,1,0,-5.23,1,"[LOW  ] Spoof -> ['GPS BIII-7  (PRN 01)', 'GPS BIIRM-5 (PRN 29)']"
2,19,LOW,RETIRE_SATELLITE,100.0,100.0,1.8232,47.22,29,1,0,-5.02,0,None
2,20,LOW,NO_OP,100.0,100.0,1.7545,47.22,29,1,0,0.14,0,None
2,21,LOW,NO_OP,100.0,100.0,1.7782,47.23,29,1,0,-0.05,0,None
2,22,LOW,NO_OP,100.0,100.0,1.7393,47.22,29,1,0,0.08,0,None
2,23,LOW,NO_OP,100.0,100.0,1.6982,47.23,29,1,0,0.08,0,None
2,24,LOW,NO_OP,100.0,100.0,1.7021,47.23,29,1,0,-0.01,0,None
2,25,LOW,NO_OP,100.0,100.0,1.8177,47.25,29,1,0,-0.23,0,None
2,26,LOW,NO_OP,100.0,98.85,1.9602,47.25,28,1,0,-0.29,1,[LOW  ] Spoof -> ['GPS BIIRM-3 (PRN 12)']
2,27,LOW,NO_OP,100.0,99.94,1.9172,47.26,28,1,0,0.09,0,None
2,28,LOW,ACTIVATE_SPARE,100.0,100.0,1.704,47.26,29,0,0,-9.57,0,None
2,29,LOW,NO_OP,100.0,100.0,1.7824,47.27,29,0,0,-5.16,0,None
2,30,LOW,NO_OP,100.0,100.0,1.8369,47.27,28,0,0,-15.11,1,[LOW  ] Spoof -> ['GPS BIIRM-8 (PRN 05)']
2,31,LOW,LAUNCH_SATELLITE,100.0,100.0,1.8322,47.26,28,0,1,-9.99,0,None
2,32,LOW,NO_OP,100.0,100.0,1.7519,47.25,28,0,1,0.16,0,None
2,33,LOW,RETIRE_SATELLITE,100.0,100.0,1.7777,47.26,28,0,1,-5.05,0,None
2,34,LOW,NO_OP,100.0,99.87,1.864,47.26,28,0,1,-0.17,0,None
2,35,LOW,NO_OP,100.0,100.0,1.7518,47.24,28,0,1,0.22,0,None
2,36,LOW,NO_OP,100.0,100.0,1.7922,47.23,27,0,1,-0.08,1,[LOW  ] Spoof -> ['GPS BIIR-5  (PRN 22)']
2,37,LOW,NO_OP,100.0,98.74,1.9225,47.23,27,1,0,-0.26,0,None
2,38,LOW,NO_OP,100.0,99.54,2.0444,47.24,25,1,0,-0.24,1,"[LOW  ] Spoof -> ['GPS BIII-2  (PRN 18)', 'GPS BIIF-6  (PRN 06)']"
2,39,LOW,ACTIVATE_SPARE,100.0,99.85,2.0077,47.24,26,0,0,-9.93,0,None
2,40,LOW,NO_OP,100.0,99.3,2.0269,47.26,26,0,0,-5.04,0,None
2,41,LOW,RETIRE_SATELLITE,100.0,99.88,1.9545,47.26,26,0,0,-9.86,0,None
2,42,LOW,NO_OP,100.0,99.62,2.1203,47.26,24,0,0,-15.33,1,"[LOW  ] Spoof -> ['GPS BIIF-11 (PRN 10)', 'GPS BIIF-7  (PRN 09)']"
2,43,LOW,LAUNCH_SATELLITE,100.0,96.85,3.488,47.25,24,0,1,-12.74,0,None
2,44,LOW,NO_OP,100.0,98.42,2.3278,47.23,21,0,1,2.32,1,"[LOW  ] Spoof -> ['GPS BIIR-5  (PRN 22)', 'GPS BIIF-10 (PRN 08)', 'GPS BIIR-8  (PRN 16)']"
2,45,LOW,NO_OP,100.0,98.18,2.3822,47.22,21,0,1,-0.11,0,None
2,46,LOW,NO_OP,100.0,99.91,2.5963,47.23,21,0,1,-0.43,0,None
2,47,LOW,RETIRE_SATELLITE,99.93,97.76,3.0969,47.22,19,0,1,-6.34,1,"[LOW  ] Spoof -> ['GPS BIIF-3  (PRN 24)', 'GPS BIII-6  (PRN 28)']"
2,48,LOW,RETIRE_SATELLITE,99.97,99.09,86.4692,47.23,19,0,1,-171.56,0,None
2,49,LOW,NO_OP,99.52,96.16,2.8606,47.23,19,1,0,164.96,0,None
2,50,MEDIUM,ACTIVATE_SPARE,99.2,94.53,2.9239,47.23,19,0,0,-11.69,1,[LOW  ] Spoof -> ['GPS BIIRM-6 (PRN 07)']
2,51,MEDIUM,RETIRE_SATELLITE,99.35,88.38,3.4527,47.26,19,0,0,-10.34,0,None
2,52,MEDIUM,NO_OP,97.61,89.84,3.2129,47.28,18,0,0,-13.21,1,[LOW  ] Spoof -> ['GPS BIII-8  (PRN 21)']
2,53,MEDIUM,NO_OP,97.48,85.95,4.2388,47.29,18,0,0,-7.69,0,None
2,54,MEDIUM,NO_OP,86.57,72.05,5.1986,47.27,16,0,0,-71.46,1,"[LOW  ] Spoof -> ['GPS BIIRM-2 (PRN 31)', 'GPS BIII-1  (PRN 04)']"
2,55,MEDIUM,LAUNCH_SATELLITE,81.73,64.35,3104.8745,47.28,15,0,1,-6233.55,1,[LOW  ] Spoof -> ['GPS BIII-3  (PRN 23)']
2,56,MEDIUM,NO_OP,80.22,68.33,4.6421,47.28,15,0,1,6192.89,0,None
2,57,MEDIUM,NO_OP,79.46,61.71,6.545,47.28,15,0,1,-7.57,0,None
2,58,MEDIUM,NO_OP,81.16,62.42,15.9283,47.27,15,0,1,-10.3,0,None
3,1,LOW,NO_OP,100.0,100.0,1.576,47.25,32,8,0,0.14,0,None
3,2,LOW,NO_OP,100.0,100.0,1.573,47.26,32,8,0,0.01,0,None
3,3,LOW,NO_OP,100.0,100.0,1.5678,47.26,32,8,0,0.01,0,None
3,4,LOW,NO_OP,100.0,100.0,1.7824,47.27,29,8,0,-10.43,1,"[LOW  ] Spoof -> ['GPS BIIF-5  (PRN 30)', 'GPS BIII-6  (PRN 28)', 'GPS BIIR-8  (PRN 16)']"
3,5,LOW,NO_OP,100.0,100.0,1.8843,47.25,27,8,0,-10.2,1,"[LOW  ] Spoof -> ['GPS BIII-4  (PRN 14)', 'GPS BIII-3  (PRN 23)']"
3,6,LOW,NO_OP,100.0,100.0,1.8027,47.25,27,8,0,0.16,0,None
3,7,LOW,NO_OP,100.0,100.0,1.7604,47.26,27,8,0,0.08,0,None
3,8,LOW,NO_OP,100.0,100.0,1.8588,47.27,27,8,0,-0.2,0,None
3,9,LOW,RETIRE_SATELLITE,100.0,99.93,1.8853,47.26,27,8,0,-5.05,0,None
3,10,LOW,NO_OP,100.0,99.9,1.8144,47.25,27,8,0,0.14,0,None
3,11,LOW,NO_OP,100.0,100.0,2.0493,47.25,24,8,0,-10.47,1,"[LOW  ] Spoof -> ['GPS BIIRM-3 (PRN 12)', 'GPS BIIRM-5 (PRN 29)', 'GPS BIIR-11 (PRN 19)']"
3,12,LOW,NO_OP,99.9,96.55,2.4361,47.26,22,8,0,-11.25,1,"[LOW  ] Spoof -> ['GPS BIII-9  (PRN 20)', 'GPS BIIF-11 (PRN 10)']"
3,13,LOW,NO_OP,99.95,98.64,2.5576,47.27,22,8,0,-0.04,0,None
3,14,LOW,ACTIVATE_SPARE,100.0,99.72,2.0973,47.27,23,7,0,-3.8,0,None
3,15,LOW,ACTIVATE_SPARE,100.0,99.56,2.0891,47.26,24,6,0,-4.98,0,None
3,16,LOW,NO_OP,100.0,99.91,2.3018,47.24,21,6,0,-0.43,1,"[LOW  ] Spoof -> ['GPS BIII-7  (PRN 01)', 'GPS BIIF-10 (PRN 08)', 'GPS BIII-1  (PRN 04)']"
3,17,LOW,ACTIVATE_SPARE,99.87,97.43,2.4206,47.22,22,5,0,4.11,0,None
3,18,LOW,NO_OP,99.82,98.88,2.4346,47.22,22,5,0,-0.27,0,None
3,19,LOW,NO_OP,99.86,98.65,2.3412,47.21,22,5,0,0.37,0,None
3,20,LOW,NO_OP,99.82,98.03,2.2857,47.22,22,5,0,-0.09,0,None
3,21,LOW,NO_OP,99.96,97.77,2.3359,47.24,22,5,0,0.6,0,None
3,22,LOW,NO_OP,99.95,98.53,2.8707,47.24,19,5,0,-1.09,1,"[LOW  ] Spoof -> ['GPS BIIF-12 (PRN 32)', 'GPS BIIF-7  (PRN 09)', 'GPS BIIR-2  (PRN 13)']"
3,23,LOW,RETIRE_SATELLITE,99.84,88.45,3.6627,47.25,19,5,0,-7.14,0,None
3,24,LOW,NO_OP,99.86,95.88,3.3575,47.26,19,5,0,0.72,0,None
3,25,LOW,NO_OP,100.0,97.4,2.6083,47.27,19,5,0,2.18,0,None
3,26,LOW,NO_OP,91.98,79.84,3.7048,47.26,16,5,0,-42.29,1,"[LOW  ] Spoof -> ['GPS BIIF-3  (PRN 24)', 'GPS BIIRM-3 (PRN 12)', 'GPS BIIRM-4 (PRN 15)']"
3,27,LOW,NO_OP,91.18,77.02,4.2824,47.26,16,5,0,-5.17,0,None
3,28,LOW,NO_OP,91.95,78.77,5.7036,47.26,16,5,0,1.05,0,None
3,29,LOW,RETIRE_SATELLITE,90.78,79.8,5.5669,47.27,16,5,0,-10.6,0,None
3,30,LOW,NO_OP,88.88,77.47,3.546,47.26,16,5,0,-5.44,0,None
3,31,LOW,NO_OP,75.95,53.76,5.0209,47.27,13,5,0,-77.62,1,"[LOW  ] Spoof -> ['GPS BIII-8  (PRN 21)', 'GPS BIIR-8  (PRN 16)', 'GPS BIIF-1  (PRN 25)']"
3,32,LOW,RETIRE_SATELLITE,78.62,59.92,16.6804,47.25,13,5,0,-14.95,0,None
3,33,LOW,NO_OP,79.04,70.18,7.7718,47.26,13,5,0,19.88,0,None
3,34,LOW,NO_OP,77.98,72.36,3.8157,47.27,13,5,0,2.63,0,None
4,1,LOW,NO_OP,100.0,100.0,1.6069,47.26,31,8,0,-9.92,1,[LOW  ] Spoof -> ['GPS BIII-4  (PRN 14)']
4,2,LOW,NO_OP,100.0,100.0,1.5929,47.26,31,8,0,0.03,0,None
4,3,LOW,NO_OP,100.0,100.0,1.6153,47.25,30,8,0,-0.04,1,[LOW  ] Spoof -> ['GPS BIIF-11 (PRN 10)']
4,4,LOW,NO_OP,100.0,100.0,1.727,47.26,30,8,0,-0.22,0,None
4,5,LOW,NO_OP,100.0,100.0,1.7637,47.24,30,8,0,-0.07,0,None
4,6,LOW,RETIRE_SATELLITE,100.0,100.0,1.6989,47.24,30,8,0,-4.87,0,None
4,7,LOW,NO_OP,100.0,100.0,1.6545,47.25,30,8,0,0.09,0,None
4,8,LOW,NO_OP,100.0,100.0,1.7291,47.27,30,8,0,-0.15,0,None
4,9,LOW,NO_OP,100.0,99.96,1.8282,47.27,28,8,0,-10.2,1,"[LOW  ] Spoof -> ['GPS BIII-5  (PRN 11)', 'GPS BIII-2  (PRN 18)']"
4,10,LOW,NO_OP,100.0,99.95,1.7536,47.25,28,8,0,0.15,0,None
4,11,LOW,ACTIVATE_SPARE,100.0,100.0,1.9403,47.24,26,7,0,-5.37,1,"[LOW  ] Spoof -> ['GPS BIII-7  (PRN 01)', 'GPS BIIF-7  (PRN 09)', 'GPS BIIR-2  (PRN 13)']"
4,12,LOW,NO_OP,100.0,100.0,2.0129,47.25,26,7,0,-0.15,0,None
4,13,LOW,NO_OP,100.0,99.95,1.9279,47.26,26,7,0,0.17,0,None
4,14,LOW,NO_OP,100.0,99.95,1.8262,47.25,26,7,0,0.2,0,None
4,15,LOW,ACTIVATE_SPARE,100.0,100.0,1.7641,47.25,27,6,0,5.12,0,None
4,16,LOW,NO_OP,100.0,100.0,1.8466,47.25,27,6,0,-0.17,0,None
4,17,LOW,NO_OP,100.0,100.0,1.9442,47.24,27,6,0,-0.2,0,None
4,18,LOW,NO_OP,100.0,99.38,2.0019,47.23,27,6,0,-0.12,0,None
4,19,LOW,ACTIVATE_SPARE,100.0,100.0,1.7821,47.22,28,5,0,-4.56,0,None
4,20,LOW,NO_OP,100.0,100.0,1.7947,47.23,28,5,0,-0.03,0,None
4,21,LOW,NO_OP,100.0,100.0,1.9567,47.23,28,5,0,-0.32,0,None
4,22,LOW,NO_OP,100.0,100.0,1.8022,47.22,28,5,0,0.31,0,None
4,23,LOW,NO_OP,100.0,100.0,1.7991,47.21,28,5,0,0.01,0,None
4,24,LOW,ACTIVATE_SPARE,100.0,100.0,1.7498,47.23,29,4,0,-4.9,0,None
4,25,LOW,NO_OP,100.0,100.0,1.8589,47.26,29,4,0,-0.22,0,None
4,26,LOW,ACTIVATE_SPARE,100.0,100.0,1.8014,47.26,30,3,0,-4.89,0,None
4,27,LOW,NO_OP,100.0,100.0,1.7206,47.27,30,3,0,0.16,0,None
4,28,LOW,ACTIVATE_SPARE,100.0,100.0,1.6211,47.27,31,2,0,-4.8,0,None
4,29,LOW,LAUNCH_SATELLITE,100.0,100.0,1.703,47.27,31,2,1,-10.16,0,None
4,30,LOW,NO_OP,100.0,100.0,1.7144,47.26,31,2,1,-0.02,0,None
4,31,LOW,NO_OP,100.0,100.0,1.7135,47.25,31,2,1,0.0,0,None
4,32,LOW,LAUNCH_SATELLITE,100.0,100.0,1.7708,47.26,28,2,2,-10.11,1,"[LOW  ] Spoof -> ['GPS BIIRM-2 (PRN 31)', 'GPS BIIR-11 (PRN 19)', 'GPS BIII-3  (PRN 23)']"
4,33,LOW,ACTIVATE_SPARE,100.0,99.95,1.8278,47.26,28,1,2,-5.11,0,None
4,34,LOW,NO_OP,100.0,99.92,1.8711,47.26,28,1,2,-0.09,0,None
4,35,LOW,NO_OP,100.0,99.91,1.8126,47.24,28,2,1,0.12,0,None
4,36,LOW,NO_OP,100.0,100.0,1.8552,47.24,28,2,1,-0.09,0,None
4,37,LOW,NO_OP,100.0,100.0,1.8386,47.24,28,2,1,0.03,0,None
4,38,LOW,LAUNCH_SATELLITE,100.0,100.0,1.8589,47.26,28,3,1,-10.04,0,None
4,39,LOW,NO_OP,100.0,99.87,1.8129,47.26,28,3,1,0.09,0,None
4,40,LOW,ACTIVATE_SPARE,100.0,100.0,1.7487,47.26,29,2,1,-4.87,0,None
4,41,LOW,NO_OP,100.0,100.0,1.7888,47.25,29,2,1,-0.08,0,None
4,42,LOW,NO_OP,100.0,100.0,1.7854,47.24,29,2,1,0.01,0,None
4,43,LOW,ACTIVATE_SPARE,100.0,100.0,1.7771,47.23,30,1,1,5.02,0,None
4,44,LOW,NO_OP,100.0,100.0,1.7283,47.22,30,2,0,0.1,0,None
4,45,LOW,LAUNCH_SATELLITE,100.0,99.94,1.8357,47.23,28,2,1,-20.21,1,"[LOW  ] Spoof -> ['GPS BIIRM-4 (PRN 15)', 'GPS BIIR-13 (PRN 02)']"
4,46,LOW,NO_OP,100.0,99.97,1.8646,47.24,28,2,1,-0.06,0,None
4,47,LOW,NO_OP,100.0,100.0,1.8697,47.24,28,2,1,-0.01,0,None
4,48,LOW,NO_OP,100.0,100.0,1.8423,47.24,28,2,1,0.05,0,None
4,49,LOW,NO_OP,100.0,100.0,1.7813,47.24,28,2,1,0.12,0,None
4,50,MEDIUM,RETIRE_SATELLITE,100.0,100.0,1.8695,47.25,28,2,1,-5.18,0,None
4,51,MEDIUM,NO_OP,100.0,99.87,2.1554,47.27,26,3,0,-10.57,1,"[LOW  ] Spoof -> ['GPS BIIR-8  (PRN 16)', 'GPS BIII-5  (PRN 11)']"
4,52,MEDIUM,LAUNCH_SATELLITE,100.0,99.77,1.9765,47.26,26,3,1,-9.64,0,None
4,53,MEDIUM,NO_OP,100.0,98.93,2.2549,47.24,24,3,1,-10.56,1,"[LOW  ] Spoof -> ['GPS BIIF-10 (PRN 08)', 'GPS BIIF-5  (PRN 30)']"
4,54,MEDIUM,RETIRE_SATELLITE,100.0,99.55,2.1796,47.24,24,3,1,-4.85,0,None
4,55,MEDIUM,NO_OP,100.0,99.85,2.1214,47.25,24,3,1,0.12,0,None
4,56,MEDIUM,NO_OP,100.0,99.67,2.2501,47.25,24,3,1,-0.26,0,None
4,57,MEDIUM,NO_OP,100.0,99.58,2.2547,47.26,24,3,1,-0.01,0,None
4,58,MEDIUM,NO_OP,99.59,98.74,2.3881,47.24,21,4,0,-2.3,1,"[LOW  ] Spoof -> ['GPS BIIF-7  (PRN 09)', 'GPS BIIRM-1 (PRN 17)', 'GPS BIII-8  (PRN 21)']"
4,59,MEDIUM,NO_OP,100.0,97.79,2.6153,47.24,21,4,0,1.58,0,None
4,60,MEDIUM,NO_OP,100.0,98.84,2.4819,47.23,21,4,0,0.27,0,None
4,61,MEDIUM,NO_OP,100.0,99.24,2.3444,47.25,21,4,0,0.27,0,None
4,62,MEDIUM,ACTIVATE_SPARE,100.0,95.65,2.6025,47.26,22,3,0,4.48,0,None
4,63,MEDIUM,NO_OP,100.0,93.55,2.7997,47.26,22,3,0,-0.39,0,None
4,64,MEDIUM,NO_OP,100.0,98.27,2.5484,47.25,22,3,0,0.5,0,None
4,65,MEDIUM,LAUNCH_SATELLITE,99.95,99.39,2.3878,47.24,22,3,1,-9.93,0,None
4,66,MEDIUM,NO_OP,99.35,92.22,3.239,47.24,19,3,1,-24.71,1,"[LOW  ] Spoof -> ['GPS BIIF-11 (PRN 10)', 'GPS BIIRM-5 (PRN 29)', 'GPS BIIRM-6 (PRN 07)']"
4,67,MEDIUM,NO_OP,93.74,77.96,10.9103,47.22,16,3,1,-43.37,1,"[LOW  ] Spoof -> ['GPS BIIF-12 (PRN 32)', 'GPS BIIF-6  (PRN 06)', 'GPS BIIRM-8 (PRN 05)']"
4,68,MEDIUM,ACTIVATE_SPARE,95.72,82.72,4.7014,47.23,17,2,1,17.29,0,None
4,69,MEDIUM,NO_OP,95.24,77.29,6.9352,47.24,17,2,1,-6.88,0,None
4,70,MEDIUM,ACTIVATE_SPARE,94.47,74.11,5.1091,47.22,18,1,1,-5.15,0,None
4,71,MEDIUM,NO_OP,94.33,82.2,5.1353,47.21,18,2,0,-0.78,0,None
4,72,MEDIUM,LAUNCH_SATELLITE,95.72,82.67,6.7911,47.19,18,2,1,-6.35,0,None
4,73,MEDIUM,NO_OP,97.19,80.09,4.4864,47.2,18,2,1,11.96,0,None
4,74,MEDIUM,NO_OP,97.98,84.35,6.5962,47.21,18,2,1,-0.28,0,None
4,75,MEDIUM,NO_OP,98.06,89.6,14.6972,47.22,18,2,1,-15.82,0,None
4,76,MEDIUM,NO_OP,98.47,89.24,3.6309,47.25,18,2,1,24.17,0,None
4,77,MEDIUM,ACTIVATE_SPARE,99.65,90.57,10.1315,47.27,19,1,1,-12.1,0,None
4,78,MEDIUM,ACTIVATE_SPARE,99.14,88.86,301.9824,47.27,20,1,0,-591.24,0,None
4,79,MEDIUM,NO_OP,98.23,89.19,3.4413,47.26,20,1,0,592.52,0,None
4,80,MEDIUM,NO_OP,97.67,90.85,3.2274,47.27,20,1,0,-2.34,0,None
4,81,MEDIUM,NO_OP,97.36,86.25,3.7639,47.27,20,1,0,-2.64,0,None
4,82,MEDIUM,NO_OP,96.22,76.61,5.156,47.28,20,1,0,-8.47,0,None
4,83,MEDIUM,NO_OP,95.86,85.67,4.1394,47.26,20,1,0,0.21,0,None
4,84,MEDIUM,NO_OP,96.52,84.43,4.2714,47.25,20,1,0,3.04,0,None
4,85,MEDIUM,LAUNCH_SATELLITE,98.69,87.91,4.0174,47.24,20,1,1,1.35,0,None
4,86,MEDIUM,ACTIVATE_SPARE,99.77,92.17,5.0533,47.24,21,0,1,8.36,0,None
4,87,MEDIUM,LAUNCH_SATELLITE,99.62,95.42,3.5441,47.25,20,0,2,-7.73,1,[LOW  ] Spoof -> ['GPS BIIF-9  (PRN 26)']
4,88,MEDIUM,RETIRE_SATELLITE,99.2,95.59,5.4518,47.25,20,0,2,-10.91,0,None
4,89,MEDIUM,NO_OP,99.0,89.98,3.1334,47.27,20,0,2,3.64,0,None
4,90,MEDIUM,NO_OP,98.77,88.53,5.51,47.28,20,0,2,-5.91,0,None
4,91,MEDIUM,NO_OP,97.93,90.78,3.4551,47.26,20,1,1,-0.08,0,None
4,92,MEDIUM,NO_OP,97.48,89.39,3.1128,47.25,20,1,1,-1.57,0,None
4,93,MEDIUM,NO_OP,97.13,88.13,3.8141,47.25,20,2,0,-3.19,0,None
4,94,MEDIUM,NO_OP,89.39,75.04,4.2598,47.24,17,2,0,-49.59,1,"[LOW  ] Spoof -> ['GPS BIIF-4  (PRN 27)', 'GPS BIII-9  (PRN 20)', 'GPS BIII-6  (PRN 28)']"
4,95,MEDIUM,ACTIVATE_SPARE,97.89,83.71,3.8675,47.25,18,1,0,48.32,0,None
4,96,MEDIUM,NO_OP,97.69,87.58,4.5325,47.25,18,1,0,-2.32,0,None
4,97,MEDIUM,RETIRE_SATELLITE,98.29,94.89,3.8986,47.24,18,1,0,-0.75,0,None
4,98,MEDIUM,NO_OP,99.92,95.12,3.6608,47.23,18,1,0,8.61,0,None
4,99,MEDIUM,NO_OP,99.3,96.49,2.9901,47.23,18,1,0,-1.74,0,None
4,100,HIGH,NO_OP,99.17,94.58,3.137,47.24,18,1,0,-0.94,0,None
4,101,HIGH,NO_OP,94.91,74.13,5.2872,47.23,16,1,0,-35.64,1,"[LOW  ] Spoof -> ['GPS BIIRM-3 (PRN 12)', 'GPS BIIRM-6 (PRN 07)']"
4,102,HIGH,ACTIVATE_SPARE,94.71,82.68,4.3148,47.24,17,0,0,-9.03,0,None
4,103,HIGH,NO_OP,94.81,81.31,7.0946,47.24,17,0,0,-10.05,0,None
4,104,HIGH,NO_OP,91.82,76.98,14.9372,47.25,16,0,0,-35.64,1,[LOW  ] Spoof -> ['GPS BIII-2  (PRN 18)']
4,105,HIGH,NO_OP,91.1,68.03,8.6724,47.26,16,0,0,3.94,0,None
4,106,HIGH,NO_OP,69.73,55.85,5.9515,47.26,13,0,0,-106.41,1,"[LOW  ] Spoof -> ['GPS BIIR-8  (PRN 16)', 'GPS BIII-1  (PRN 04)', 'GPS BIIRM-1 (PRN 17)']"
4,107,HIGH,LAUNCH_SATELLITE,73.03,58.96,4.7785,47.25,13,0,1,8.85,0,None
4,108,HIGH,NO_OP,75.43,63.93,10.7827,47.22,13,0,1,-0.05,0,None
4,109,HIGH,NO_OP,76.14,61.23,5.3041,47.22,13,0,1,14.53,0,None
4,110,HIGH,NO_OP,77.24,54.38,6.3534,47.23,13,0,1,3.37,0,None
5,1,LOW,NO_OP,100.0,100.0,1.576,47.25,32,8,0,0.14,0,None
5,2,LOW,NO_OP,100.0,100.0,1.573,47.26,32,8,0,0.01,0,None
5,3,LOW,NO_OP,100.0,100.0,1.5678,47.26,32,8,0,0.01,0,None
5,4,LOW,NO_OP,100.0,100.0,1.644,47.27,32,8,0,-0.15,0,None
5,5,LOW,NO_OP,100.0,100.0,1.63,47.26,32,8,0,0.03,0,None
5,6,LOW,NO_OP,100.0,100.0,1.6365,47.25,31,8,0,-10.01,1,[LOW  ] Spoof -> ['GPS BIIF-7  (PRN 09)']
5,7,LOW,RETIRE_SATELLITE,100.0,99.9,1.772,47.25,29,8,0,-15.27,1,"[LOW  ] Spoof -> ['GPS BIII-1  (PRN 04)', 'GPS BIIF-6  (PRN 06)']"
5,8,LOW,NO_OP,100.0,99.89,1.7867,47.26,29,8,0,-0.03,0,None
5,9,LOW,RETIRE_SATELLITE,100.0,100.0,1.7572,47.26,29,8,0,-4.94,0,None
5,10,LOW,NO_OP,100.0,100.0,1.7044,47.25,29,8,0,0.11,0,None
5,11,LOW,RETIRE_SATELLITE,100.0,100.0,1.7496,47.25,29,8,0,-5.09,0,None
5,12,LOW,NO_OP,100.0,100.0,1.8001,47.25,29,8,0,-0.1,0,None
5,13,LOW,NO_OP,100.0,100.0,1.7396,47.25,29,8,0,0.12,0,None
5,14,LOW,NO_OP,100.0,99.86,1.767,47.25,29,8,0,-0.05,0,None
5,15,LOW,NO_OP,100.0,99.06,1.8843,47.25,29,8,0,-0.23,0,None
5,16,LOW,NO_OP,100.0,99.83,1.8051,47.25,29,8,0,0.16,0,None
5,17,LOW,NO_OP,100.0,99.87,1.8257,47.24,29,8,0,-0.04,0,None
5,18,LOW,ACTIVATE_SPARE,100.0,99.48,1.8558,47.23,30,7,0,-5.06,0,None
5,19,LOW,NO_OP,100.0,100.0,1.7652,47.22,30,7,0,0.18,0,None
5,20,LOW,NO_OP,100.0,99.68,2.0312,47.21,27,7,0,-0.53,1,"[LOW  ] Spoof -> ['GPS BIIRM-5 (PRN 29)', 'GPS BIIF-9  (PRN 26)', 'GPS BIIRM-3 (PRN 12)']"
5,21,LOW,RETIRE_SATELLITE,100.0,99.03,1.9316,47.23,27,7,0,-4.8,0,None
5,22,LOW,NO_OP,100.0,99.63,1.8899,47.23,27,7,0,0.08,0,None
5,23,LOW,NO_OP,100.0,100.0,1.8248,47.23,27,7,0,0.13,0,None
5,24,LOW,NO_OP,100.0,100.0,1.8907,47.23,27,7,0,-0.13,0,None
5,25,LOW,ACTIVATE_SPARE,100.0,100.0,1.8998,47.26,28,6,0,-5.02,0,None
5,26,LOW,NO_OP,100.0,99.45,1.924,47.27,28,6,0,-0.05,0,None
5,27,LOW,NO_OP,100.0,99.94,1.9085,47.28,28,6,0,0.03,0,None
5,28,LOW,NO_OP,100.0,99.43,1.9381,47.28,27,6,0,-0.06,1,[LOW  ] Spoof -> ['GPS BIIR-13 (PRN 02)']
5,29,LOW,NO_OP,100.0,100.0,1.8872,47.27,27,6,0,0.1,0,None
5,30,LOW,NO_OP,100.0,99.87,1.9969,47.24,27,6,0,-0.22,0,None
5,31,LOW,NO_OP,100.0,99.01,2.1491,47.22,27,6,0,-0.3,0,None
5,32,LOW,NO_OP,100.0,99.21,2.1561,47.21,27,6,0,-0.01,0,None
5,33,LOW,NO_OP,100.0,99.15,3.4747,47.23,27,6,0,-2.64,0,None
5,34,LOW,NO_OP,100.0,98.26,2.2482,47.23,24,6,0,-7.55,1,"[LOW  ] Spoof -> ['GPS BIIF-12 (PRN 32)', 'GPS BIIRM-3 (PRN 12)', 'GPS BIIRM-1 (PRN 17)']"
5,35,LOW,ACTIVATE_SPARE,100.0,99.62,2.0735,47.23,25,5,0,-4.65,0,None
5,36,LOW,NO_OP,100.0,100.0,2.1111,47.23,25,5,0,-0.08,0,None
5,37,LOW,ACTIVATE_SPARE,100.0,99.67,2.0214,47.24,26,4,0,-4.82,0,None
5,38,LOW,NO_OP,100.0,99.19,2.2401,47.24,24,4,0,-0.44,0,None
5,39,LOW,ACTIVATE_SPARE,100.0,97.29,2.6597,47.26,25,3,0,-5.84,0,None
5,40,LOW,NO_OP,100.0,96.86,2.7234,47.27,25,3,0,-0.13,0,None
5,41,LOW,NO_OP,100.0,98.52,2.2095,47.28,25,3,0,1.03,0,None
5,42,LOW,LAUNCH_SATELLITE,100.0,98.83,2.2036,47.26,25,3,1,-9.99,0,None
5,43,LOW,LAUNCH_SATELLITE,100.0,96.5,2.4275,47.24,25,3,2,-10.45,0,None
5,44,LOW,LAUNCH_SATELLITE,99.97,98.71,2.6075,47.21,25,3,3,-10.51,0,None
5,45,LOW,NO_OP,99.23,90.99,4.019,47.21,22,3,3,-6.54,1,"[LOW  ] Spoof -> ['GPS BIII-4  (PRN 14)', 'GPS BIIF-5  (PRN 30)', 'GPS BIIR-8  (PRN 16)']"
5,46,LOW,NO_OP,98.15,95.87,3.163,47.23,22,3,3,-3.65,0,None
5,47,LOW,LAUNCH_SATELLITE,98.05,94.95,7.3166,47.23,22,3,4,-18.81,0,None
5,48,LOW,NO_OP,98.56,97.12,2.5321,47.25,21,4,3,12.12,0,None
5,49,LOW,NO_OP,99.0,97.26,2.485,47.25,21,5,2,2.26,0,None
5,50,MEDIUM,NO_OP,99.6,93.85,2.8341,47.26,21,6,1,2.33,0,None
5,51,MEDIUM,NO_OP,98.2,80.03,6.1744,47.27,18,6,1,-13.68,1,"[LOW  ] Spoof -> ['GPS BIIRM-2 (PRN 31)', 'GPS BIIF-1  (PRN 25)', 'GPS BIIF-3  (PRN 24)']"
5,52,MEDIUM,NO_OP,95.36,81.56,4.2401,47.26,18,6,1,-10.35,0,None
5,53,MEDIUM,ACTIVATE_SPARE,92.62,86.72,3.2257,47.28,19,6,0,-16.65,0,None
5,54,MEDIUM,NO_OP,91.93,87.48,2.9476,47.28,19,6,0,-2.88,0,None
5,55,MEDIUM,ACTIVATE_SPARE,96.21,90.21,3.0305,47.27,20,5,0,16.2,0,None
5,56,MEDIUM,NO_OP,96.6,88.93,3.1745,47.24,20,5,0,1.66,0,None
5,57,MEDIUM,NO_OP,97.27,93.65,3.4395,47.23,20,5,0,2.86,0,None
5,58,MEDIUM,ACTIVATE_SPARE,98.91,98.44,2.5751,47.24,21,4,0,14.9,0,None
5,59,MEDIUM,NO_OP,99.28,97.52,2.8767,47.26,20,4,0,1.27,0,None
5,60,MEDIUM,ACTIVATE_SPARE,99.05,97.49,3.2345,47.24,21,3,0,-6.87,0,None
5,61,MEDIUM,ACTIVATE_SPARE,96.26,85.3,4.7733,47.25,19,2,0,-32.03,1,"[LOW  ] Spoof -> ['GPS BIIR-13 (PRN 02)', 'GPS BIIF-6  (PRN 06)', 'GPS BIIF-10 (PRN 08)']"
5,62,MEDIUM,LAUNCH_SATELLITE,96.08,91.53,3.2095,47.24,19,2,1,-7.8,0,None
5,63,MEDIUM,ACTIVATE_SPARE,89.79,73.49,4.8309,47.25,17,1,1,-49.67,1,"[LOW  ] Spoof -> ['GPS BIIF-8  (PRN 03)', 'GPS BIIR-5  (PRN 22)', 'GPS BIIR-8  (PRN 16)']"
5,64,MEDIUM,NO_OP,94.31,74.8,5.8778,47.27,17,1,1,20.51,0,None
5,65,MEDIUM,ACTIVATE_SPARE,99.07,85.87,3.8839,47.27,18,0,1,22.77,0,None
5,66,MEDIUM,NO_OP,99.58,90.83,4.1376,47.27,18,0,1,2.07,0,None
5,67,MEDIUM,RETIRE_SATELLITE,97.43,87.29,5.6836,47.27,18,0,1,-18.88,0,None
5,68,MEDIUM,NO_OP,84.29,65.22,5.1281,47.23,16,1,0,-64.57,1,"[LOW  ] Spoof -> ['GPS BIII-5  (PRN 11)', 'GPS BIII-3  (PRN 23)']"
5,69,MEDIUM,LAUNCH_SATELLITE,77.79,58.44,17.973,47.21,14,1,1,-68.19,1,"[LOW  ] Spoof -> ['GPS BIIRM-5 (PRN 29)', 'GPS BIIRM-8 (PRN 05)']"
5,70,MEDIUM,NO_OP,78.49,60.53,7.2787,47.21,14,1,1,24.9,0,None
5,71,MEDIUM,NO_OP,75.48,60.06,5.6619,47.22,14,1,1,-11.84,0,None
5,72,MEDIUM,NO_OP,71.95,59.35,6.1995,47.23,14,1,1,-18.71,0,None
6,1,LOW,NO_OP,100.0,100.0,1.576,47.25,32,8,0,0.14,0,None
6,2,LOW,NO_OP,100.0,100.0,1.573,47.26,32,8,0,0.01,0,None
6,3,LOW,NO_OP,100.0,100.0,1.5678,47.26,32,8,0,0.01,0,None
6,4,LOW,NO_OP,100.0,100.0,1.644,47.27,32,8,0,-0.15,0,None
6,5,LOW,NO_OP,100.0,100.0,1.63,47.26,32,8,0,0.03,0,None
6,6,LOW,NO_OP,100.0,100.0,1.595,47.25,32,8,0,0.07,0,None
6,7,LOW,NO_OP,100.0,100.0,1.581,47.26,32,8,0,0.03,0,None
6,8,LOW,NO_OP,100.0,100.0,1.6351,47.26,32,8,0,-0.11,0,None
6,9,LOW,NO_OP,100.0,100.0,1.6164,47.26,32,8,0,0.04,0,None
6,10,LOW,NO_OP,100.0,100.0,1.5799,47.25,32,8,0,0.07,0,None
6,11,LOW,NO_OP,100.0,100.0,1.5912,47.24,32,8,0,-0.02,0,None
6,12,LOW,NO_OP,100.0,100.0,1.7436,47.25,30,8,0,-20.3,1,"[LOW  ] Spoof -> ['GPS BIIRM-1 (PRN 17)', 'GPS BIIF-7  (PRN 09)']"
6,13,LOW,RETIRE_SATELLITE,100.0,100.0,1.7299,47.25,29,8,0,-4.97,1,[LOW  ] Spoof -> ['GPS BIII-9  (PRN 20)']
6,14,LOW,RETIRE_SATELLITE,100.0,100.0,1.7303,47.25,29,8,0,-5.0,0,None
6,15,LOW,RETIRE_SATELLITE,100.0,100.0,1.7346,47.25,29,8,0,-5.01,0,None
6,16,LOW,NO_OP,100.0,100.0,1.7213,47.26,29,8,0,0.03,0,None
6,17,LOW,ACTIVATE_SPARE,100.0,100.0,1.671,47.24,30,7,0,5.1,0,None
6,18,LOW,NO_OP,100.0,100.0,1.7186,47.24,30,7,0,-0.1,0,None
6,19,LOW,NO_OP,100.0,100.0,1.8419,47.22,28,7,0,-0.25,1,"[LOW  ] Spoof -> ['GPS BIIR-13 (PRN 02)', 'GPS BIIF-8  (PRN 03)']"
6,20,LOW,NO_OP,100.0,100.0,1.842,47.23,28,7,0,-0.0,0,None
6,21,LOW,NO_OP,100.0,100.0,1.8715,47.24,28,7,0,-0.06,0,None
6,22,LOW,NO_OP,100.0,99.89,1.802,47.23,28,7,0,0.14,0,None
6,23,LOW,NO_OP,100.0,100.0,1.7542,47.23,28,7,0,0.1,0,None
6,24,LOW,NO_OP,100.0,99.11,2.0518,47.21,26,7,0,-10.6,1,"[LOW  ] Spoof -> ['GPS BIIRM-6 (PRN 07)', 'GPS BIII-7  (PRN 01)']"
6,25,LOW,NO_OP,100.0,96.89,2.2608,47.24,26,7,0,-0.42,0,None
6,26,LOW,ACTIVATE_SPARE,100.0,99.46,1.9663,47.24,27,6,0,-4.41,0,None
6,27,LOW,NO_OP,100.0,99.6,1.8935,47.26,27,6,0,0.15,0,None
6,28,LOW,NO_OP,100.0,99.89,1.8716,47.27,27,6,0,0.04,0,None
6,29,LOW,RETIRE_SATELLITE,100.0,100.0,1.9815,47.29,27,6,0,-5.22,0,None
6,30,LOW,NO_OP,99.59,95.4,2.2852,47.28,24,6,0,-2.67,1,"[LOW  ] Spoof -> ['GPS BIIR-5  (PRN 22)', 'GPS BIIRM-4 (PRN 15)', 'GPS BIIF-6  (PRN 06)']"
6,31,LOW,NO_OP,100.0,97.77,2.3499,47.27,24,6,0,1.94,0,None
6,32,LOW,NO_OP,99.8,98.4,2.4117,47.25,22,6,0,-1.15,1,"[LOW  ] Spoof -> ['GPS BIIF-11 (PRN 10)', 'GPS BIIF-4  (PRN 27)']"
6,33,LOW,NO_OP,100.0,95.46,2.5688,47.27,22,6,0,0.71,0,None
6,34,LOW,RETIRE_SATELLITE,100.0,96.47,2.5792,47.28,22,6,0,-5.02,0,None
6,35,LOW,NO_OP,99.91,97.12,2.3715,47.26,22,6,0,-0.03,0,None
6,36,LOW,NO_OP,100.0,98.94,2.3953,47.24,21,6,0,-9.6,1,[LOW  ] Spoof -> ['GPS BIIR-8  (PRN 16)']
6,37,LOW,NO_OP,100.0,99.64,2.4829,47.23,21,6,0,-0.18,0,None
6,38,LOW,ACTIVATE_SPARE,99.74,96.27,3.6671,47.24,21,5,0,-8.65,1,[LOW  ] Spoof -> ['GPS BIIRM-5 (PRN 29)']
6,39,LOW,NO_OP,100.0,97.24,2.9887,47.24,21,5,0,2.64,0,None
6,40,LOW,NO_OP,99.55,94.39,2.8077,47.26,21,5,0,-1.91,0,None
6,41,LOW,NO_OP,99.08,90.09,3.7213,47.26,21,5,0,-4.14,0,None
6,42,LOW,ACTIVATE_SPARE,99.78,93.77,2.5792,47.25,22,4,0,10.75,0,None
6,43,LOW,NO_OP,99.82,92.97,2.96,47.23,22,4,0,-0.53,0,None
6,44,LOW,NO_OP,100.0,96.16,2.9934,47.21,22,4,0,0.83,0,None
6,45,LOW,NO_OP,99.85,95.33,2.7163,47.2,22,4,0,-0.19,0,None
6,46,LOW,NO_OP,100.0,94.28,2.7201,47.21,22,4,0,0.74,0,None
6,47,LOW,NO_OP,100.0,97.57,2.5832,47.21,22,4,0,0.27,0,None
6,48,LOW,ACTIVATE_SPARE,99.87,97.83,3.3577,47.21,20,3,0,-17.21,1,"[LOW  ] Spoof -> ['GPS BIIRM-8 (PRN 05)', 'GPS BIIR-8  (PRN 16)', 'GPS BIIRM-3 (PRN 12)']"
6,49,LOW,LAUNCH_SATELLITE,100.0,99.4,2.4525,47.2,20,3,1,-7.53,0,None
6,50,MEDIUM,ACTIVATE_SPARE,100.0,95.34,32.5546,47.21,21,2,1,-65.2,0,None
6,51,MEDIUM,LAUNCH_SATELLITE,100.0,95.23,2.9594,47.24,21,2,2,49.19,0,None
6,52,MEDIUM,NO_OP,100.0,98.42,2.579,47.26,21,2,2,0.76,0,None
6,53,MEDIUM,LAUNCH_SATELLITE,99.94,99.33,2.4577,47.28,21,2,3,-10.05,0,None
6,54,MEDIUM,ACTIVATE_SPARE,98.45,88.01,3.2353,47.3,20,1,3,-24.01,1,"[LOW  ] Spoof -> ['GPS BIIRM-1 (PRN 17)', 'GPS BIIRM-2 (PRN 31)']"
6,55,MEDIUM,NO_OP,99.2,93.33,2.9526,47.29,20,2,2,4.3,0,None
6,56,MEDIUM,ACTIVATE_SPARE,99.96,95.89,2.6553,47.27,21,1,2,-0.61,0,None
6,57,MEDIUM,NO_OP,99.69,96.68,2.6292,47.26,21,2,1,-1.28,0,None
6,58,MEDIUM,NO_OP,99.91,91.29,2.8984,47.26,21,2,1,0.54,0,None
6,59,MEDIUM,NO_OP,91.43,85.38,21.8736,47.26,18,3,0,-80.35,1,"[LOW  ] Spoof -> ['GPS BIIF-5  (PRN 30)', 'GPS BIIR-13 (PRN 02)', 'GPS BIIR-5  (PRN 22)']"
6,60,MEDIUM,LAUNCH_SATELLITE,87.85,77.87,5.5839,47.26,15,3,1,4.68,1,"[LOW  ] Spoof -> ['GPS BIIRM-5 (PRN 29)', 'GPS BIIR-2  (PRN 13)', 'GPS BIII-6  (PRN 28)']"
6,61,MEDIUM,NO_OP,87.52,76.27,4.2265,47.25,15,3,1,1.08,0,None
6,62,MEDIUM,ACTIVATE_SPARE,74.13,55.31,12.2629,47.24,13,2,1,-88.05,1,"[LOW  ] Spoof -> ['GPS BIIF-10 (PRN 08)', 'GPS BIII-3  (PRN 23)', 'GPS BIII-8  (PRN 21)']"
6,63,MEDIUM,ACTIVATE_SPARE,84.41,64.98,5.4526,47.26,14,1,1,60.03,0,None
6,64,MEDIUM,LAUNCH_SATELLITE,86.48,51.47,14.229,47.27,14,1,2,-17.2,0,None
7,1,LOW,NO_OP,100.0,100.0,1.576,47.25,32,8,0,0.14,0,None
7,2,LOW,NO_OP,100.0,100.0,1.573,47.26,32,8,0,0.01,0,None
7,3,LOW,NO_OP,100.0,100.0,1.5678,47.26,32,8,0,0.01,0,None
7,4,LOW,NO_OP,100.0,100.0,1.644,47.27,32,8,0,-0.15,0,None
7,5,LOW,NO_OP,100.0,100.0,1.63,47.26,32,8,0,0.03,0,None
7,6,LOW,NO_OP,100.0,100.0,1.595,47.25,32,8,0,0.07,0,None
7,7,LOW,NO_OP,100.0,100.0,1.581,47.26,32,8,0,0.03,0,None
7,8,LOW,NO_OP,100.0,100.0,1.6555,47.27,31,8,0,-0.15,1,[LOW  ] Spoof -> ['GPS BIII-9  (PRN 20)']
7,9,LOW,NO_OP,100.0,100.0,1.6428,47.26,31,8,0,0.03,0,None
7,10,LOW,NO_OP,100.0,100.0,1.6035,47.25,31,8,0,0.08,0,None
7,11,LOW,RETIRE_SATELLITE,100.0,100.0,1.6834,47.23,29,8,0,-15.16,1,"[LOW  ] Spoof -> ['GPS BIIRM-4 (PRN 15)', 'GPS BIIRM-1 (PRN 17)']"
7,12,LOW,NO_OP,100.0,100.0,1.7477,47.24,29,8,0,-0.13,0,None
7,13,LOW,RETIRE_SATELLITE,100.0,100.0,1.7093,47.24,29,8,0,-4.92,0,None
7,14,LOW,NO_OP,100.0,100.0,1.6851,47.24,29,8,0,0.05,0,None
7,15,LOW,ACTIVATE_SPARE,100.0,100.0,1.6669,47.24,30,7,0,-4.96,0,None
7,16,LOW,NO_OP,100.0,100.0,1.695,47.24,30,7,0,-0.06,0,None
7,17,LOW,NO_OP,100.0,100.0,1.6863,47.23,30,7,0,0.02,0,None
7,18,LOW,NO_OP,100.0,100.0,1.7294,47.23,30,7,0,-0.09,0,None
7,19,LOW,NO_OP,100.0,100.0,1.7022,47.23,30,7,0,0.05,0,None
7,20,LOW,ACTIVATE_SPARE,100.0,100.0,1.7548,47.23,29,6,0,-5.11,1,"[LOW  ] Spoof -> ['GPS BIIF-8  (PRN 03)', 'GPS BIIF-5  (PRN 30)']"
7,21,LOW,NO_OP,100.0,100.0,1.7972,47.24,29,6,0,-0.08,0,None
7,22,LOW,NO_OP,100.0,100.0,1.7594,47.23,29,6,0,0.08,0,None
7,23,LOW,NO_OP,100.0,100.0,1.7102,47.22,29,6,0,0.1,0,None
7,24,LOW,RETIRE_SATELLITE,100.0,100.0,1.7092,47.21,29,6,0,-5.0,0,None
7,25,LOW,NO_OP,100.0,99.93,1.9008,47.23,29,6,0,-0.38,0,None
7,26,LOW,NO_OP,100.0,99.97,1.828,47.23,29,6,0,0.15,0,None
7,27,LOW,NO_OP,100.0,100.0,1.906,47.24,26,6,0,-10.16,1,"[LOW  ] Spoof -> ['GPS BIIF-4  (PRN 27)', 'GPS BIII-4  (PRN 14)', 'GPS BIIF-1  (PRN 25)']"
7,28,LOW,ACTIVATE_SPARE,100.0,100.0,1.7554,47.25,27,5,0,-4.7,0,None
7,29,LOW,NO_OP,100.0,100.0,1.8531,47.26,27,5,0,-0.2,0,None
7,30,LOW,NO_OP,100.0,100.0,2.0031,47.26,27,5,0,-0.3,0,None
7,31,LOW,RETIRE_SATELLITE,100.0,100.0,1.9053,47.26,27,5,0,-4.8,0,None
7,32,LOW,NO_OP,100.0,100.0,1.9761,47.26,25,5,0,-0.14,1,"[LOW  ] Spoof -> ['GPS BIIF-3  (PRN 24)', 'GPS BIIR-2  (PRN 13)']"
7,33,LOW,ACTIVATE_SPARE,100.0,99.69,2.4029,47.25,23,4,0,-15.85,1,"[LOW  ] Spoof -> ['GPS BIIRM-8 (PRN 05)', 'GPS BIIR-8  (PRN 16)', 'GPS BIIF-9  (PRN 26)']"
7,34,LOW,NO_OP,98.5,91.87,3.5391,47.25,20,4,0,-19.78,1,"[LOW  ] Spoof -> ['GPS BIIF-10 (PRN 08)', 'GPS BIII-7  (PRN 01)', 'GPS BIII-6  (PRN 28)']"
7,35,LOW,NO_OP,99.24,96.15,2.7089,47.23,20,4,0,5.37,0,None
7,36,LOW,NO_OP,99.82,96.52,2.533,47.23,20,4,0,3.24,0,None
7,37,LOW,NO_OP,99.94,96.09,2.6009,47.22,20,4,0,0.47,0,None
7,38,LOW,RETIRE_SATELLITE,100.0,96.55,3.0051,47.24,20,4,0,-5.51,0,None
7,39,LOW,NO_OP,99.95,91.55,3.0135,47.23,19,4,0,-0.27,1,[LOW  ] Spoof -> ['GPS BIII-2  (PRN 18)']
7,40,LOW,NO_OP,99.36,92.24,3.2959,47.25,19,4,0,-3.52,0,None
7,41,LOW,ACTIVATE_SPARE,98.23,90.73,3.481,47.27,20,3,0,-11.04,0,None
7,42,LOW,NO_OP,97.71,91.84,3.6829,47.26,20,3,0,-2.98,0,None
7,43,LOW,ACTIVATE_SPARE,95.42,88.11,3.8996,47.23,19,2,0,-6.89,1,"[LOW  ] Spoof -> ['GPS BIIF-6  (PRN 06)', 'GPS BIIR-13 (PRN 02)']"
7,44,LOW,ACTIVATE_SPARE,95.9,87.51,4.0982,47.21,20,1,0,-2.98,0,None
7,45,LOW,ACTIVATE_SPARE,99.68,91.17,2.9141,47.21,21,0,0,11.27,0,None
7,46,LOW,NO_OP,97.44,84.68,4.4269,47.24,18,0,0,-19.27,1,"[LOW  ] Spoof -> ['GPS BIIR-13 (PRN 02)', 'GPS BIIR-2  (PRN 13)', 'GPS BIIRM-8 (PRN 05)']"
7,47,LOW,RETIRE_SATELLITE,98.43,92.14,4.2174,47.24,18,0,0,-4.59,0,None
7,48,LOW,LAUNCH_SATELLITE,99.69,93.58,8.2668,47.25,18,0,1,-11.82,0,None
7,49,LOW,NO_OP,100.0,93.12,3.7895,47.24,18,0,1,10.51,0,None
7,50,MEDIUM,NO_OP,100.0,96.87,3.0868,47.24,18,0,1,1.41,0,None
7,51,MEDIUM,NO_OP,98.86,88.63,4.0516,47.24,17,0,1,-7.64,1,[LOW  ] Spoof -> ['GPS BIIRM-3 (PRN 12)']
7,52,MEDIUM,NO_OP,95.23,70.98,7.1137,47.28,15,0,1,-34.28,1,"[LOW  ] Spoof -> ['GPS BIII-1  (PRN 04)', 'GPS BIIR-5  (PRN 22)']"
7,53,MEDIUM,NO_OP,90.42,77.7,4.5643,47.31,14,0,1,-18.94,1,[LOW  ] Spoof -> ['GPS BIIF-12 (PRN 32)']
7,54,MEDIUM,NO_OP,84.45,71.68,8.0665,47.28,14,1,0,-36.84,0,None
7,55,MEDIUM,RETIRE_SATELLITE,79.27,48.01,9.8598,47.27,14,1,0,-34.51,0,None
7,56,MEDIUM,RETIRE_SATELLITE,77.18,63.68,5.8563,47.24,14,1,0,-7.41,0,None
7,57,MEDIUM,NO_OP,75.23,70.34,4.3663,47.24,14,1,0,-6.77,0,None
7,58,MEDIUM,NO_OP,75.55,66.75,5.4346,47.26,14,1,0,-0.56,0,None
8,1,LOW,NO_OP,100.0,100.0,1.576,47.25,32,8,0,0.14,0,None
8,2,LOW,NO_OP,100.0,100.0,1.573,47.26,32,8,0,0.01,0,None
8,3,LOW,NO_OP,100.0,100.0,1.5678,47.26,32,8,0,0.01,0,None
8,4,LOW,NO_OP,100.0,100.0,1.644,47.27,32,8,0,-0.15,0,None
8,5,LOW,NO_OP,100.0,100.0,1.63,47.26,32,8,0,0.03,0,None
8,6,LOW,NO_OP,100.0,100.0,1.595,47.25,32,8,0,0.07,0,None
8,7,LOW,NO_OP,100.0,100.0,1.6228,47.26,31,8,0,-0.06,1,[LOW  ] Spoof -> ['GPS BIII-3  (PRN 23)']
8,8,LOW,NO_OP,100.0,100.0,1.7,47.27,31,8,0,-0.15,0,None
8,9,LOW,RETIRE_SATELLITE,100.0,100.0,1.6397,47.26,31,8,0,-4.88,0,None
8,10,LOW,NO_OP,100.0,100.0,1.6179,47.25,31,8,0,0.04,0,None
8,11,LOW,NO_OP,100.0,100.0,1.6304,47.24,31,8,0,-0.02,0,None
8,12,LOW,NO_OP,100.0,100.0,1.6843,47.25,31,8,0,-0.11,0,None
8,13,LOW,ACTIVATE_SPARE,100.0,100.0,1.6117,47.25,32,7,0,-4.85,0,None
8,14,LOW,NO_OP,100.0,100.0,1.5942,47.26,32,7,0,0.03,0,None
8,15,LOW,NO_OP,100.0,100.0,1.5833,47.26,32,7,0,0.02,0,None
8,16,LOW,NO_OP,100.0,100.0,1.6106,47.25,32,7,0,-0.05,0,None
8,17,LOW,NO_OP,100.0,100.0,1.6307,47.24,32,7,0,-0.04,0,None
8,18,LOW,NO_OP,100.0,100.0,1.8452,47.24,29,7,0,-10.43,1,"[LOW  ] Spoof -> ['GPS BIIF-4  (PRN 27)', 'GPS BIIF-8  (PRN 03)', 'GPS BIIF-1  (PRN 25)']"
8,19,LOW,NO_OP,100.0,100.0,1.9116,47.23,28,7,0,-0.13,1,[LOW  ] Spoof -> ['GPS BIIRM-6 (PRN 07)']
8,20,LOW,RETIRE_SATELLITE,100.0,100.0,1.8827,47.23,28,7,0,-4.94,0,None
8,21,LOW,NO_OP,100.0,100.0,1.8925,47.23,28,7,0,-0.02,0,None
8,22,LOW,NO_OP,100.0,100.0,1.7999,47.22,28,7,0,0.19,0,None
8,23,LOW,NO_OP,100.0,100.0,1.864,47.21,27,7,0,-0.13,1,[LOW  ] Spoof -> ['GPS BIIRM-3 (PRN 12)']
8,24,LOW,NO_OP,100.0,99.38,1.9175,47.19,27,7,0,-0.11,0,None
8,25,LOW,ACTIVATE_SPARE,100.0,98.66,2.0805,47.22,28,6,0,-5.33,0,None
8,26,LOW,NO_OP,100.0,99.97,1.9147,47.23,28,6,0,0.33,0,None
8,27,LOW,NO_OP,100.0,100.0,1.8512,47.25,28,6,0,0.13,0,None
8,28,LOW,NO_OP,100.0,100.0,1.7675,47.26,28,6,0,0.17,0,None
8,29,LOW,ACTIVATE_SPARE,100.0,100.0,1.7969,47.27,29,5,0,-5.06,0,None
8,30,LOW,NO_OP,100.0,100.0,1.8768,47.26,29,5,0,-0.16,0,None
8,31,LOW,NO_OP,100.0,100.0,1.8364,47.26,29,5,0,0.08,0,None
8,32,LOW,NO_OP,100.0,100.0,1.9009,47.26,27,5,0,-10.13,1,"[LOW  ] Spoof -> ['GPS BIIF-3  (PRN 24)', 'GPS BIIR-2  (PRN 13)']"
8,33,LOW,NO_OP,100.0,100.0,2.0494,47.27,27,5,0,-0.3,0,None
8,34,LOW,NO_OP,100.0,99.88,1.9946,47.28,27,5,0,0.11,0,None
8,35,LOW,NO_OP,100.0,99.42,1.8052,47.25,27,5,0,0.38,0,None
8,36,LOW,ACTIVATE_SPARE,100.0,99.51,1.9884,47.24,27,4,0,4.63,1,[LOW  ] Spoof -> ['GPS BIIR-11 (PRN 19)']
8,37,LOW,ACTIVATE_SPARE,100.0,99.65,2.007,47.22,28,3,0,-5.04,0,None
8,38,LOW,NO_OP,100.0,99.83,2.1896,47.24,28,3,0,-0.37,0,None
8,39,LOW,NO_OP,100.0,99.39,1.9688,47.25,28,3,0,0.44,0,None
8,40,LOW,NO_OP,100.0,100.0,1.8354,47.26,28,3,0,0.27,0,None
8,41,LOW,LAUNCH_SATELLITE,100.0,99.98,1.8234,47.27,28,3,1,-9.98,0,None
8,42,LOW,LAUNCH_SATELLITE,100.0,99.89,2.0079,47.25,26,3,2,-10.37,1,"[LOW  ] Spoof -> ['GPS BIIF-6  (PRN 06)', 'GPS BIIRM-8 (PRN 05)']"
8,43,LOW,LAUNCH_SATELLITE,100.0,99.73,2.0852,47.24,26,3,3,-10.15,0,None
8,44,LOW,ACTIVATE_SPARE,100.0,99.61,2.1622,47.22,24,2,3,-15.15,1,"[LOW  ] Spoof -> ['GPS BIIF-10 (PRN 08)', 'GPS BIII-3  (PRN 23)', 'GPS BIIR-2  (PRN 13)']"
8,45,LOW,LAUNCH_SATELLITE,100.0,97.42,2.6674,47.22,22,2,4,-11.01,1,"[LOW  ] Spoof -> ['GPS BIIRM-5 (PRN 29)', 'GPS BIIRM-2 (PRN 31)']"
8,46,LOW,ACTIVATE_SPARE,100.0,98.87,2.4403,47.23,23,1,4,-4.55,0,None
8,47,LOW,RETIRE_SATELLITE,100.0,99.28,2.1921,47.22,23,2,3,-4.5,0,None
8,48,LOW,RETIRE_SATELLITE,100.0,99.56,2.1455,47.23,23,3,2,-4.91,0,None
8,49,LOW,NO_OP,100.0,99.07,2.1698,47.23,23,4,1,-0.05,0,None
8,50,MEDIUM,NO_OP,100.0,97.57,2.4543,47.23,23,4,1,-0.57,0,None
8,51,MEDIUM,NO_OP,98.1,87.68,3.5834,47.23,22,5,0,-11.76,1,[LOW  ] Spoof -> ['GPS BIIRM-3 (PRN 12)']
8,52,MEDIUM,RETIRE_SATELLITE,98.8,94.05,3.4945,47.24,22,5,0,-1.3,0,None
8,53,MEDIUM,ACTIVATE_SPARE,95.93,82.82,4.699,47.29,20,4,0,-31.8,1,"[LOW  ] Spoof -> ['GPS BIIF-9  (PRN 26)', 'GPS BIIF-12 (PRN 32)', 'GPS BIIRM-4 (PRN 15)']"
8,54,MEDIUM,NO_OP,96.55,90.14,3.2402,47.29,20,4,0,6.04,0,None
8,55,MEDIUM,NO_OP,96.65,95.24,2.6514,47.29,20,4,0,1.67,0,None
8,56,MEDIUM,RETIRE_SATELLITE,98.05,87.54,3.0883,47.27,20,4,0,1.14,0,None
8,57,MEDIUM,NO_OP,98.6,79.62,4.896,47.27,20,4,0,-0.88,0,None
8,58,MEDIUM,NO_OP,99.86,98.21,2.8356,47.27,20,4,0,10.42,0,None
8,59,MEDIUM,NO_OP,99.76,93.32,6.0745,47.27,20,4,0,-6.97,0,None
8,60,MEDIUM,NO_OP,99.01,93.84,2.9966,47.24,20,4,0,2.38,0,None
8,61,MEDIUM,ACTIVATE_SPARE,99.95,96.17,2.8717,47.23,21,3,0,-0.02,0,None
8,62,MEDIUM,NO_OP,99.8,94.79,2.7416,47.22,21,3,0,-0.53,0,None
8,63,MEDIUM,NO_OP,99.59,92.58,3.0836,47.22,21,3,0,-1.73,0,None
8,64,MEDIUM,ACTIVATE_SPARE,99.79,83.31,4.1871,47.22,21,2,0,3.82,1,[LOW  ] Spoof -> ['GPS BIIR-2  (PRN 13)']
8,65,MEDIUM,NO_OP,100.0,91.12,5.2132,47.24,21,2,0,-1.02,0,None
8,66,MEDIUM,NO_OP,97.94,90.8,3.1956,47.24,18,2,0,-16.28,1,"[LOW  ] Spoof -> ['GPS BIIRM-4 (PRN 15)', 'GPS BIIF-7  (PRN 09)', 'GPS BIIF-5  (PRN 30)']"
8,67,MEDIUM,RETIRE_SATELLITE,97.18,95.15,3.043,47.24,18,2,0,-8.48,0,None
8,68,MEDIUM,NO_OP,88.73,73.55,4.273,47.23,15,2,0,-44.72,1,"[LOW  ] Spoof -> ['GPS BIII-5  (PRN 11)', 'GPS BIIR-13 (PRN 02)', 'GPS BIII-7  (PRN 01)']"
8,69,MEDIUM,NO_OP,89.81,65.96,7.6997,47.21,15,2,0,-1.45,0,None
8,70,MEDIUM,RETIRE_SATELLITE,89.33,53.95,13.5174,47.21,15,2,0,-19.01,0,None
8,71,MEDIUM,NO_OP,85.35,63.79,6.2813,47.22,14,2,0,-5.47,1,[LOW  ] Spoof -> ['GPS BIII-8  (PRN 21)']
8,72,MEDIUM,NO_OP,90.55,65.47,5.8379,47.22,14,2,0,26.88,0,None
8,73,MEDIUM,NO_OP,91.91,62.1,12.3787,47.23,14,2,0,-6.24,0,None
8,74,MEDIUM,ACTIVATE_SPARE,67.79,53.4,9.1221,47.25,12,1,0,-129.09,1,"[LOW  ] Spoof -> ['GPS BIIR-11 (PRN 19)', 'GPS BIIR-5  (PRN 22)', 'GPS BIII-9  (PRN 20)']"
8,75,MEDIUM,NO_OP,68.85,52.96,4.7304,47.26,12,1,0,14.05,0,None
8,76,MEDIUM,RETIRE_SATELLITE,66.95,40.25,8.3517,47.27,12,1,0,-21.74,0,None
8,77,MEDIUM,NO_OP,66.75,49.17,7.1511,47.29,12,1,0,1.43,0,None
8,78,MEDIUM,ACTIVATE_SPARE,80.1,58.69,364.1089,47.31,13,0,0,-657.16,0,None
9,1,LOW,NO_OP,100.0,100.0,1.576,47.25,32,8,0,0.14,0,None
9,2,LOW,NO_OP,100.0,100.0,1.573,47.26,32,8,0,0.01,0,None
9,3,LOW,NO_OP,100.0,100.0,1.5678,47.26,32,8,0,0.01,0,None
9,4,LOW,NO_OP,100.0,100.0,1.644,47.27,32,8,0,-0.15,0,None
9,5,LOW,NO_OP,100.0,100.0,1.6671,47.25,31,8,0,-10.05,1,[LOW  ] Spoof -> ['GPS BIIR-13 (PRN 02)']
9,6,LOW,NO_OP,100.0,100.0,1.6427,47.25,31,8,0,0.05,0,None
9,7,LOW,RETIRE_SATELLITE,100.0,100.0,1.644,47.25,31,8,0,-5.0,0,None
9,8,LOW,ACTIVATE_SPARE,100.0,100.0,1.6351,47.26,32,7,0,5.02,0,None
9,9,LOW,NO_OP,100.0,100.0,1.6164,47.26,32,7,0,0.04,0,None
9,10,LOW,NO_OP,100.0,100.0,1.6661,47.25,30,7,0,-0.1,1,"[LOW  ] Spoof -> ['GPS BIIF-3  (PRN 24)', 'GPS BIIF-8  (PRN 03)']"
9,11,LOW,NO_OP,100.0,100.0,1.6876,47.24,30,7,0,-0.04,0,None
9,12,LOW,NO_OP,100.0,100.0,2.0241,47.25,28,7,0,-10.67,1,"[LOW  ] Spoof -> ['GPS BIIRM-1 (PRN 17)', 'GPS BIIRM-5 (PRN 29)']"
9,13,LOW,NO_OP,100.0,99.33,2.1461,47.24,27,7,0,-0.24,1,[LOW  ] Spoof -> ['GPS BIIF-4  (PRN 27)']
9,14,LOW,RETIRE_SATELLITE,100.0,100.0,2.0003,47.24,27,7,0,-4.71,0,None
9,15,LOW,NO_OP,100.0,100.0,1.8954,47.25,27,7,0,0.21,0,None
9,16,LOW,RETIRE_SATELLITE,100.0,100.0,1.8746,47.26,27,7,0,-4.96,0,None
9,17,LOW,NO_OP,100.0,99.83,1.9817,47.25,27,7,0,-0.21,0,None
9,18,LOW,NO_OP,100.0,99.95,2.0626,47.23,26,7,0,-0.16,1,[LOW  ] Spoof -> ['GPS BIII-2  (PRN 18)']
9,19,LOW,NO_OP,100.0,99.88,2.1688,47.21,26,7,0,-0.21,0,None
9,20,LOW,NO_OP,100.0,98.64,2.3825,47.22,24,7,0,-0.43,1,"[LOW  ] Spoof -> ['GPS BIIRM-3 (PRN 12)', 'GPS BIIF-12 (PRN 32)']"
9,21,LOW,NO_OP,100.0,99.54,2.3888,47.23,24,7,0,-0.01,0,None
9,22,LOW,NO_OP,99.97,95.12,2.7811,47.22,22,7,0,-10.94,1,"[LOW  ] Spoof -> ['GPS BIIR-13 (PRN 02)', 'GPS BIII-8  (PRN 21)']"
9,23,LOW,NO_OP,100.0,94.37,3.152,47.21,22,7,0,-0.58,0,None
9,24,LOW,NO_OP,99.75,92.03,3.2492,47.21,21,7,0,-11.43,1,[LOW  ] Spoof -> ['GPS BIIRM-2 (PRN 31)']
9,25,LOW,NO_OP,98.88,87.38,4.8871,47.24,21,7,0,-7.66,0,None
9,26,LOW,NO_OP,97.75,91.52,3.271,47.26,21,7,0,-2.39,0,None
9,27,LOW,NO_OP,94.84,85.11,3.3617,47.29,19,7,0,-14.72,1,"[LOW  ] Spoof -> ['GPS BIII-1  (PRN 04)', 'GPS BIIRM-4 (PRN 15)']"
9,28,LOW,RETIRE_SATELLITE,93.58,81.28,4.4087,47.31,19,7,0,-13.39,0,None
9,29,LOW,ACTIVATE_SPARE,92.92,79.3,77.795,47.31,20,6,0,-155.07,0,None
9,30,LOW,NO_OP,94.51,82.99,3.6312,47.3,20,6,0,156.27,0,None
9,31,LOW,ACTIVATE_SPARE,97.93,84.41,3.201,47.27,21,5,0,12.96,0,None
9,32,LOW,RETIRE_SATELLITE,99.49,92.87,2.9886,47.27,21,5,0,3.22,0,None
9,33,LOW,NO_OP,99.79,96.99,3.111,47.28,21,5,0,1.25,0,None
9,34,LOW,NO_OP,99.69,93.87,3.7376,47.28,21,5,0,-1.76,0,None
9,35,LOW,NO_OP,99.69,97.24,2.6007,47.24,21,5,0,2.27,0,None
9,36,LOW,NO_OP,98.19,88.55,3.489,47.24,18,5,0,-9.28,1,"[LOW  ] Spoof -> ['GPS BIIF-10 (PRN 08)', 'GPS BIIF-6  (PRN 06)', 'GPS BIIF-7  (PRN 09)']"
9,37,LOW,NO_OP,95.02,84.88,4.1797,47.22,18,5,0,-17.21,0,None
9,38,LOW,ACTIVATE_SPARE,94.68,82.17,3.7734,47.21,19,4,0,-5.92,0,None
9,39,LOW,NO_OP,94.66,76.27,6.6309,47.22,19,4,0,-5.78,0,None
9,40,LOW,NO_OP,94.57,75.97,5.3681,47.24,19,4,0,2.05,0,None
9,41,LOW,ACTIVATE_SPARE,97.92,79.01,3.9554,47.25,20,3,0,14.6,0,None
9,42,LOW,LAUNCH_SATELLITE,96.86,84.09,4.3723,47.23,20,3,1,-16.14,0,None
9,43,LOW,LAUNCH_SATELLITE,97.28,83.33,13.0553,47.22,20,3,2,-25.26,0,None
9,44,LOW,LAUNCH_SATELLITE,99.34,85.33,4.9796,47.2,20,3,3,16.45,0,None
9,45,LOW,LAUNCH_SATELLITE,99.21,86.68,4.0381,47.2,20,3,4,-8.77,0,None
9,46,LOW,NO_OP,93.32,77.52,9.1563,47.23,17,3,4,-49.72,1,"[LOW  ] Spoof -> ['GPS BIII-5  (PRN 11)', 'GPS BIII-6  (PRN 28)', 'GPS BIIR-13 (PRN 02)']"
9,47,LOW,NO_OP,76.04,54.59,5.6656,47.24,14,3,4,-79.4,1,"[LOW  ] Spoof -> ['GPS BIIRM-2 (PRN 31)', 'GPS BIIF-11 (PRN 10)', 'GPS BIIR-8  (PRN 16)']"
9,48,LOW,NO_OP,80.17,61.57,5.2219,47.24,14,4,3,21.56,0,None
9,49,LOW,NO_OP,79.01,62.33,5.0968,47.26,14,5,2,-5.56,0,None
9,50,MEDIUM,ACTIVATE_SPARE,79.19,57.42,7.8712,47.26,15,5,1,-9.64,0,None
9,51,MEDIUM,RETIRE_SATELLITE,76.58,67.93,4.6382,47.29,15,6,0,-11.61,0,None
10,1,LOW,NO_OP,100.0,100.0,1.668,47.26,29,8,0,-10.05,1,"[LOW  ] Spoof -> ['GPS BIIRM-4 (PRN 15)', 'GPS BIII-6  (PRN 28)', 'GPS BIIF-7  (PRN 09)']"
10,2,LOW,NO_OP,100.0,100.0,1.6778,47.26,29,8,0,-0.02,0,None
10,3,LOW,NO_OP,100.0,100.0,1.696,47.26,29,8,0,-0.04,0,None
10,4,LOW,NO_OP,100.0,100.0,1.743,47.27,29,8,0,-0.09,0,None
10,5,LOW,NO_OP,100.0,99.57,1.8876,47.25,27,8,0,-10.29,1,"[LOW  ] Spoof -> ['GPS BIIF-12 (PRN 32)', 'GPS BIIF-11 (PRN 10)']"
10,6,LOW,NO_OP,100.0,99.37,1.9028,47.25,27,8,0,-0.03,0,None
10,7,LOW,RETIRE_SATELLITE,100.0,98.46,2.3379,47.24,26,8,0,-15.87,1,[LOW  ] Spoof -> ['GPS BIIR-13 (PRN 02)']
10,8,LOW,NO_OP,100.0,98.78,2.0753,47.25,26,8,0,0.53,0,None
10,9,LOW,NO_OP,100.0,97.12,2.1278,47.25,26,8,0,-0.11,0,None
10,10,LOW,NO_OP,100.0,98.23,2.2104,47.24,26,8,0,-0.17,0,None
10,11,LOW,NO_OP,100.0,99.37,1.9955,47.24,26,8,0,0.43,0,None
10,12,LOW,NO_OP,100.0,99.72,1.9689,47.25,26,8,0,0.05,0,None
10,13,LOW,ACTIVATE_SPARE,100.0,100.0,1.7948,47.25,27,7,0,5.35,0,None
10,14,LOW,NO_OP,100.0,99.41,1.9605,47.26,26,7,0,-0.33,1,[LOW  ] Spoof -> ['GPS BIIF-1  (PRN 25)']
10,15,LOW,ACTIVATE_SPARE,100.0,99.88,1.8672,47.26,27,6,0,-4.81,0,None
10,16,LOW,RETIRE_SATELLITE,100.0,99.92,1.8926,47.26,27,6,0,-5.05,0,None
10,17,LOW,NO_OP,100.0,98.77,2.0132,47.24,27,6,0,-0.24,0,None
10,18,LOW,NO_OP,100.0,99.79,1.9379,47.24,27,6,0,0.15,0,None
10,19,LOW,NO_OP,100.0,100.0,1.9061,47.23,27,6,0,0.06,0,None
10,20,LOW,NO_OP,100.0,99.06,2.0048,47.24,26,6,0,-0.2,1,[LOW  ] Spoof -> ['GPS BIIF-10 (PRN 08)']
10,21,LOW,NO_OP,100.0,99.88,2.0047,47.24,26,6,0,0.0,0,None
10,22,LOW,NO_OP,100.0,98.58,2.0435,47.23,26,6,0,-0.08,0,None
10,23,LOW,NO_OP,100.0,99.85,2.0847,47.23,24,6,0,-0.08,1,"[LOW  ] Spoof -> ['GPS BIIRM-8 (PRN 05)', 'GPS BIIR-2  (PRN 13)']"
10,24,LOW,NO_OP,100.0,99.06,2.1185,47.24,24,6,0,-0.07,0,None
10,25,LOW,NO_OP,100.0,98.67,2.0402,47.25,24,6,0,0.16,0,None
10,26,LOW,RETIRE_SATELLITE,100.0,99.97,2.0105,47.26,24,6,0,-4.94,0,None
10,27,LOW,NO_OP,100.0,100.0,2.1049,47.26,24,6,0,-0.19,0,None
10,28,LOW,NO_OP,100.0,99.67,1.9829,47.25,24,6,0,0.24,0,None
10,29,LOW,NO_OP,100.0,99.19,2.0511,47.26,24,6,0,-0.14,0,None
10,30,LOW,NO_OP,100.0,98.32,2.0709,47.25,24,6,0,-0.04,0,None
10,31,LOW,ACTIVATE_SPARE,100.0,99.57,2.0333,47.25,25,5,0,-4.92,0,None
10,32,LOW,NO_OP,100.0,98.66,2.3599,47.27,22,5,0,-10.65,1,"[LOW  ] Spoof -> ['GPS BIIRM-2 (PRN 31)', 'GPS BIII-4  (PRN 14)', 'GPS BIIRM-4 (PRN 15)']"
10,33,LOW,ACTIVATE_SPARE,100.0,97.83,2.2811,47.27,23,4,0,-4.84,0,None
10,34,LOW,ACTIVATE_SPARE,100.0,95.85,2.3875,47.27,24,3,0,-5.21,0,None
10,35,LOW,NO_OP,99.95,97.18,4.2047,47.25,24,3,0,-3.88,0,None
10,36,LOW,NO_OP,100.0,97.8,2.4486,47.25,24,3,0,3.76,0,None
10,37,LOW,LAUNCH_SATELLITE,100.0,99.61,2.1959,47.25,23,3,1,-9.49,1,[LOW  ] Spoof -> ['GPS BIII-9  (PRN 20)']
10,38,LOW,NO_OP,100.0,99.48,2.2469,47.26,23,3,1,-0.1,0,None
10,39,LOW,NO_OP,100.0,99.6,2.1338,47.25,23,3,1,0.23,0,None
10,40,LOW,ACTIVATE_SPARE,100.0,99.77,2.0505,47.25,24,2,1,-4.83,0,None
10,41,LOW,NO_OP,100.0,100.0,2.0103,47.23,24,2,1,0.08,0,None
10,42,LOW,NO_OP,100.0,100.0,2.0119,47.22,24,2,1,-0.0,0,None
10,43,LOW,NO_OP,99.32,97.93,2.6212,47.23,21,3,0,-4.64,1,"[LOW  ] Spoof -> ['GPS BIII-7  (PRN 01)', 'GPS BIIRM-3 (PRN 12)', 'GPS BIIF-8  (PRN 03)']"
10,44,LOW,NO_OP,92.81,80.52,4.6083,47.22,19,3,0,-36.48,1,"[LOW  ] Spoof -> ['GPS BIIF-9  (PRN 26)', 'GPS BIIR-13 (PRN 02)']"
10,45,LOW,NO_OP,90.79,83.81,4.6264,47.23,19,3,0,-10.17,0,None
10,46,LOW,NO_OP,92.84,85.33,4.6285,47.25,19,3,0,10.24,0,None
10,47,LOW,NO_OP,92.83,76.63,49.5364,47.25,19,3,0,-89.84,0,None
10,48,LOW,NO_OP,92.87,88.7,3.4876,47.24,19,3,0,92.27,0,None
10,49,LOW,RETIRE_SATELLITE,93.73,90.46,2.7597,47.24,19,3,0,0.78,0,None
10,50,MEDIUM,LAUNCH_SATELLITE,95.06,84.1,3.8097,47.25,19,3,1,-5.46,0,None
10,51,MEDIUM,NO_OP,95.5,87.37,3.6236,47.27,19,3,1,2.59,0,None
10,52,MEDIUM,ACTIVATE_SPARE,99.16,94.65,2.7921,47.25,20,2,1,14.94,0,None
10,53,MEDIUM,ACTIVATE_SPARE,99.85,99.62,2.3187,47.27,21,1,1,-0.63,0,None
10,54,MEDIUM,LAUNCH_SATELLITE,99.88,97.15,2.4,47.27,21,1,2,-9.99,0,None
10,55,MEDIUM,NO_OP,98.9,95.9,2.6256,47.25,21,1,2,-5.33,0,None
10,56,MEDIUM,NO_OP,97.88,94.53,2.6438,47.24,21,2,1,-5.17,0,None
10,57,MEDIUM,ACTIVATE_SPARE,93.0,83.33,4.3071,47.22,20,1,1,-32.73,1,"[LOW  ] Spoof -> ['GPS BIIR-13 (PRN 02)', 'GPS BIIRM-8 (PRN 05)']"
10,58,MEDIUM,NO_OP,92.09,85.37,3.2788,47.24,20,1,1,-2.47,0,None
10,59,MEDIUM,ACTIVATE_SPARE,89.84,78.67,4.1841,47.25,19,0,1,-18.05,1,"[LOW  ] Spoof -> ['GPS BIII-1  (PRN 04)', 'GPS BIIRM-5 (PRN 29)']"
10,60,MEDIUM,NO_OP,91.53,80.59,8.9397,47.24,19,1,0,-1.07,0,None
10,61,MEDIUM,NO_OP,93.88,79.87,3.1112,47.23,19,1,0,23.42,0,None
10,62,MEDIUM,LAUNCH_SATELLITE,85.41,70.14,4.5398,47.23,16,1,1,-65.22,1,"[LOW  ] Spoof -> ['GPS BIIRM-2 (PRN 31)', 'GPS BIIR-2  (PRN 13)', 'GPS BIIRM-1 (PRN 17)']"
10,63,MEDIUM,NO_OP,83.89,63.96,645.342,47.24,14,1,1,-1289.23,1,"[LOW  ] Spoof -> ['GPS BIIR-5  (PRN 22)', 'GPS BIII-2  (PRN 18)']"
10,64,MEDIUM,NO_OP,83.69,67.14,4.6209,47.27,14,1,1,1280.45,0,None
10,65,MEDIUM,ACTIVATE_SPARE,90.53,81.47,5.4093,47.28,15,0,1,27.65,0,None
10,66,MEDIUM,LAUNCH_SATELLITE,88.81,79.38,4.9045,47.28,15,0,2,-17.62,0,None
10,67,MEDIUM,NO_OP,86.8,73.24,4.0372,47.25,15,0,2,-8.28,0,None
10,68,MEDIUM,LAUNCH_SATELLITE,82.85,60.59,10.64,47.23,15,1,2,-42.99,0,None
10,69,MEDIUM,NO_OP,81.64,75.78,3.811,47.21,15,1,2,7.64,0,None
10,70,MEDIUM,LAUNCH_SATELLITE,73.74,68.92,4.214,47.22,13,1,3,-50.31,1,"[LOW  ] Spoof -> ['GPS BIIF-5  (PRN 30)', 'GPS BIIF-1  (PRN 25)']"
